Target Size,Initial Size (Bytes),Compressed Size (Bytes),Compression %,Records,Initial Bytes per Record,Compressed Bytes per Record,Records per Thread,Job Time (sec),Estimated Cost ($),Data Load Time (sec),Tokenization Time (sec),Embedding Time (sec),Execution Time (sec),AWS Time
10 KB,12729,7146,56.13952392,60,212.15,119.1,4,34,0.011,0.1,5.83,0.31,10.17,23.83
100 KB,118105,45951,38.90690487,604,195.5380795,76.07781457,40.26666667,35,0.011,0.12,7.46,0.89,12.25,22.75
500 KB,582015,213785,36.73187117,3023,192.5289448,70.71948396,201.5333333,45,0.015,0.11,11.29,5.04,20.35,24.65
1 MB,1154888,429745,37.21096764,6216,185.7927928,69.13529601,414.4,46,0.015,0.09,11.64,7.14,22.3,23.7
10 MB,11452461,4186779,36.55789791,62161,184.2386866,67.35379096,4144.066667,161,0.053,0.17,88.16,45.65,138.55,22.45
100 MB,114356866,40748002,35.63231787,621613,183.9679447,65.55204283,41440.86667,1219,0.4,0.72,768.15,416.4,1195.7,23.3
250 MB,284209238,100043417,35.2006211,1554033,182.8849439,64.37663615,103602.2,3523,1.156,1.67,1891.21,1588.02,3500.25,22.75
500 MB,570572545,199277704,34.92591884,3108066,183.5780016,64.11630384,207204.4,8099,2.657,2.07,3821.53,4215.97,8075.39,23.61
1 GB,1159456082,403142581,34.76997424,6390184,181.4433015,63.08778918,426012.2667,20889,6.853,1.66,7684.09,13094.55,20863.75,25.25